Player,2024-2025_std_Pos,2024-2025_std_Age,2024-2025_std_Min,2024-2025_std_90s,2024-2025_poss_Att Pen,2024-2025_play_Min,2024-2025_play_90s,2025-2026_std_Pos,2025-2026_std_Age,2025-2026_std_Min,2025-2026_std_90s,2025-2026_poss_Att Pen,2025-2026_play_Min,2025-2026_play_90s,MarketValue,Season,Weekly_Gross_EUR,Yearly_Gross_EUR,Position,Age,Latest_Pos,Latest_Pos4,Age_latest,Minutes_2425,Minutes_2526,xG_plus_xAG_2425,xG_plus_xAG_2526,PrgPasses_25,PrgPasses_per90_25,FinalThirdTouches_25,FinalThirdTouches_per90_25,PrgPasses_26,PrgPasses_per90_26,FinalThirdTouches_26,FinalThirdTouches_per90_26
Alberto Cerri,FW,28,87,1,1,87,1,FW,29-170,,,,,,,2025-2026,19615,1020000,F,29,FW,FW,29-170,87,,,,,,,,,,,
Alberto Dossena,DF,25,1825,20.3,173,1825,20.3,,,,,,,,,2025-2026,35577,1850000,D,26,,,,1825,,,,,,,,,,,
Alberto Moreno,DF,32,1727,19.2,58,1727,19.2,"DF,MF",33-090,,,,,,,2025-2026,25000,1300000,D,33,"DF,MF",DF,33-090,1727,,,,,,,,,,,
Alessandro Gabrielloni,"FW,MF",30,142,1.6,3,142,1.6,FW,31-085,,,,,,,2024-2025,15000,780000,F,30,FW,FW,31-085,142,,,,,,,,,,,
Alessio Chiesa,DF,18,,,,,,,,,,,,,,2024-2025,,,,,,,,,,,,,,,,,,,
Alessio Iovine,"DF,FW",33,387,4.3,13,387,4.3,,,,,,,,,2024-2025,2885,150000,M,34,,,,387,,,,,,,,,,,
Ali Jasim,"FW,DF",20,10,0.1,0,10,0.1,,,,,,,,,2024-2025,3654,190000,F,20,,,,10,,,,,,,,,,,
Alieu Fadera,"FW,DF",22,1644,18.3,16,1644,18.3,,,,,,,,,2024-2025,15962,830000,F,23,,,,1644,,,,,,,,,,,
Anastasios Douvikas,FW,24,580,6.4,2,580,6.4,FW,26-062,246,2.7,3,246,2.7,,2025-2026,28462,1480000,F,26,FW,FW,26-062,580,246,,,,,,,,,,
Andrea Belotti,FW,30,593,6.6,7,593,6.6,,,,,,,,,2024-2025,53462,2780000,F,30,,,,593,,,,,,,,,,,
Assane Diao,"FW,MF",18,1252,13.9,16,1252,13.9,,,,,,,,,2025-2026,17885,930000,F,19,,,,1252,,,,,,,,,,,
AÃÅlex Valle,DF,20,1030,11.4,26,1030,11.4,DF,21-161,441,4.9,19,441,4.9,,2025-2026,10769,560000,,,DF,DF,21-161,1030,441,,,,,,,,,,
AÃÅlvaro Morata,,,,,,,,FW,32-345,180,2,2,180,2,,2025-2026,160192,8330000,,,FW,FW,32-345,,180,,,,,,,,,,
Ben Lhassine Kone,MF,24,51,0.6,2,51,0.6,,,,,,,,,2024-2025,5385,280000,M,24,,,,51,,,,,,,,,,,
Daniele Baselli,MF,32,22,0.2,1,22,0.2,,,,,,,,,2024-2025,25000,1300000,M,32,,,,22,,,,,,,,,,,
Dele Alli,MF,28,9,0.1,0,9,0.1,,,,,,,,,2024-2025,106923,5560000,F,28,,,,9,,,,,,,,,,,
Diego Carlos,,,,,,,,DF,32-202,180,2,16,180,2,,2025-2026,71154,3700000,D,32,DF,DF,32-202,,180,,,,,,,,,,
Edoardo Goldaniga,DF,30,2532,28.1,154,2532,28.1,DF,31-335,1,0,0,1,0,,2025-2026,17885,930000,D,31,DF,DF,31-335,2532,1,,,,,,,,,,
Emil Audero,GK,27,720,8,219,720,8,,,,,,,,,2024-2025,32115,1670000,K,27,,,,720,,,,,,,,,,,
Federico Barba,DF,30,431,4.8,33,431,4.8,,,,,,,,,2024-2025,14231,740000,D,31,,,,431,,,,,,,,,,,
Federico Chinetti,FW,19,,,,,,,,,,,,,,2024-2025,,,,,,,,,,,,,,,,,,,
Fellipe Jack,DF,18,171,1.9,10,171,1.9,DF,19-264,,,,,,,2024-2025,2885,150000,D,19,DF,DF,19-264,171,,,,,,,,,,,
Francesco Andrealli,MF,16,,,,,,,,,,,,,,2024-2025,,,,,,,,,,,,,,,,,,,
Gabriel Strefezza,"FW,MF",27,2619,29.1,27,2619,29.1,,,,,,,,,2024-2025,14231,740000,F,27,,,,2619,,,,,,,,,,,
Giuseppe Mazzaglia,MF,18,,,,,,,,,,,,,,2024-2025,3269,170000,M,18,,,,,,,,,,,,,,,
Henrique Menke,,,,,,,,GK,18-264,,,,,,,2025-2026,2500,130000,K,18,GK,GK,18-264,,,,,,,,,,,,
Ignace Van Der Brempt,DF,22,1257,14,44,1257,14,DF,23-185,95,1.1,0,95,1.1,,2025-2026,8846,460000,,,DF,DF,23-185,1257,95,,,,,,,,,,
Ivan AzoÃÅn,FW,21,,,,,,FW,22-283,,,,,,,,,,,,FW,FW,22-283,,,,,,,,,,,,
Ivan SmolcÃåicÃÅ,DF,23,630,7,29,630,7,DF,25-047,175,1.9,6,175,1.9,,2025-2026,10769,560000,,,DF,DF,25-047,630,175,,,,,,,,,,
Jacobo RamoÃÅn,,,,,,,,DF,20-270,312,3.5,29,312,3.5,,2025-2026,5769,300000,,,DF,DF,20-270,,312,,,,,,,,,,
Jayden Addai,,,,,,,,FW,20-038,93,1,0,93,1,,2025-2026,15962,830000,F,20,FW,FW,20-038,,93,,,,,,,,,,
Jean Butez,GK,29,1666,18.5,641,1666,18.5,GK,30-117,450,5,164,450,5,,2025-2026,17885,930000,K,30,GK,GK,30-117,1666,450,,,,,,,,,,
Jesus RodriÃÅguez,,,,,,,,FW,19-316,389,4.3,2,389,4.3,,2025-2026,21346,1110000,,,FW,FW,19-316,,389,,,,,,,,,,
Jonathan Ikone,FW,26,540,6,4,540,6,,,,,,,,,2024-2025,20962,1090000,,,,,,540,,,,,,,,,,,
Luca Mazzitelli,MF,28,335,3.7,9,335,3.7,,,,,,,,,2024-2025,49808,2590000,M,28,,,,335,,,,,,,,,,,
Lucas Da Cunha,MF,23,2613,29,54,2613,29,MF,24-116,304,3.4,6,304,3.4,,2025-2026,14808,770000,,,MF,MF,24-116,2613,304,,,,,,,,,,
Marc-Oliver Kempf,DF,29,2615,29.1,305,2615,29.1,DF,30-248,405,4.5,52,405,4.5,,2025-2026,21346,1110000,,,DF,DF,30-248,2615,405,,,,,,,,,,
Marco Sala,DF,25,261,2.9,9,261,2.9,,,,,,,,,2025-2026,5385,280000,D,26,,,,261,,,,,,,,,,,
Martin Baturina,,,,,,,,MF,22-229,16,0.2,0,16,0.2,,2025-2026,17885,930000,M,22,MF,MF,22-229,,16,,,,,,,,,,
Matthias BraunoÃàder,MF,22,268,3,4,268,3,,,,,,,,,2024-2025,8846,460000,,,,,,268,,,,,,,,,,,
Mauro Vigorito,GK,34,,,,,,GK,35-134,,,,,,,2025-2026,3269,170000,K,35,GK,GK,35-134,,,,,,,,,,,,
Maxence Caqueret,MF,24,1087,12.1,9,1087,12.1,MF,25-230,110,1.2,2,110,1.2,,2025-2026,128269,6670000,M,25,MF,MF,25-230,1087,110,,,,,,,,,,
MaÃÅximo Perrone,MF,21,1857,20.6,62,1857,20.6,MF,22-269,328,3.6,11,328,3.6,,2025-2026,35577,1850000,,,MF,MF,22-269,1857,328,,,,,,,,,,
MeÃàrgim Vojvoda,DF,29,717,8,32,717,8,"FW,DF",30-244,281,3.1,5,281,3.1,,2025-2026,26731,1390000,,,"FW,DF",DF,30-244,717,281,,,,,,,,,,
Naj Razi,FW,17,,,,,,,,,,,,,,2024-2025,3269,170000,F,18,,,,,,,,,,,,,,,
Nicolas-Gerrit KuÃàhn,,,,,,,,FW,25-275,212,2.4,0,212,2.4,,2025-2026,39231,2040000,,,FW,FW,25-275,,212,,,,,,,,,,
NicolaÃÅs Paz,"MF,FW",19,2687,29.9,21,2687,29.9,MF,21-025,437,4.9,2,437,4.9,,2025-2026,17885,930000,,,MF,MF,21-025,2687,437,,,,,,,,,,
Nikola CÃåavlina,,,,,,,,GK,23-123,,,,,,,2025-2026,7115,370000,,,GK,GK,23-123,,,,,,,,,,,,
Oliver Abildgaard,MF,28,7,0.1,0,7,0.1,,,,,,,,,2024-2025,,,,,,,,7,,,,,,,,,,,
Patrick Cutrone,FW,26,2047,22.7,5,2047,22.7,FW,27-273,,,,,,,2024-2025,12308,640000,F,27,FW,FW,27-273,2047,,,,,,,,,,,
Pepe Reina,GK,41,1034,11.5,307,1034,11.5,,,,,,,,,2024-2025,17885,930000,K,42,,,,1034,,,,,,,,,,,
Pierre Bolchini,GK,25,,,,,,,,,,,,,,2024-2025,3654,190000,K,25,,,,,,,,,,,,,,,
Sergi Roberto,MF,32,696,7.7,19,696,7.7,MF,33-238,184,2,3,184,2,,2025-2026,42692,2220000,M,33,MF,MF,33-238,696,184,,,,,,,,,,
Simone Verdi,"MF,FW",32,115,1.3,2,115,1.3,,,,,,,,,2025-2026,28462,1480000,,,,,,115,,,,,,,,,,,
Stefan Posch,,,,,,,,DF,28-142,99,1.1,1,99,1.1,,2025-2026,19231,1000000,D,28,DF,DF,28-142,,99,,,,,,,,,,
Sven Lesjak,MF,17,,,,,,,,,,,,,,2024-2025,,,,,,,,,,,,,,,,,,,
Tommaso Cassandro,"DF,MF",24,,,,,,,,,,,,,,2024-2025,,,,,,,,,,,,,,,,,,,
William Feola,DF,18,,,,,,,,,,,,,,2024-2025,,,,,,,,,,,,,,,,,,,
Yannik Engelhardt,"MF,DF",23,1164,12.9,42,1164,12.9,,,,,,,,,2024-2025,17885,930000,M,23,,,,1164,,,,,,,,,,,